1,2,3,4,5,6,7,8,9,10
0.20000000298023224,0.20000000298023224,0.0,0.0,0.0,0.0,0.0,0.0,0.0,0.0
0.0,0.0,0.0,0.0,0.0,0.0,0.0,0.0,0.0,0.0
0.20000000298023224,0.20000000298023224,0.0,0.0,0.0,0.0,0.0,0.0,0.0,0.0
0.20000000298023224,0.20000000298023224,0.0,0.0,0.0,0.0,0.0,0.0,0.0,0.0
0.20000000298023224,0.0,0.0,0.0,0.0,0.0,0.0,0.0,0.0,0.0
0.0,0.18860000371932983,0.0,0.0,0.0,0.0,0.0,0.0,0.0,0.0
0.20000000298023224,0.20000000298023224,0.0,0.0,0.0,0.0,0.0,0.0,0.0,0.0
0.20000000298023224,0.20000000298023224,0.0,0.0,0.0,0.0,0.0,0.0,0.0,0.0
0.20000000298023224,0.20000000298023224,0.0,0.0,0.0,0.0,0.0,0.0,0.0,0.0
0.20000000298023224,0.20000000298023224,0.0,0.0,0.0,0.0,0.0,0.0,0.0,0.0
0.20000000298023224,0.0,0.0,0.0,0.0,0.0,0.0,0.0,0.0,0.0
0.20000000298023224,0.20000000298023224,0.0,0.0,0.0,0.0,0.0,0.0,0.0,0.0
0.20000000298023224,0.20000000298023224,0.0,0.0,0.0,0.0,0.0,0.0,0.0,0.0
0.20000000298023224,0.20000000298023224,0.0,0.0,0.0,0.0,0.0,0.0,0.0,0.0
0.0,0.0,0.0,0.0,0.0,0.0,0.0,0.0,0.0,0.0
0.0,0.0,0.0,0.0,0.0,0.0,0.0,0.0,0.0,0.0
0.0,0.0,0.0,0.0,0.0,0.0,0.0,0.0,0.0,0.0
0.20000000298023224,0.0,0.0,0.0,0.0,0.0,0.0,0.0,0.0,0.0
0.20000000298023224,0.0,0.0,0.0,0.0,0.0,0.0,0.0,0.0,0.0
0.20000000298023224,0.20000000298023224,0.0,0.0,0.0,0.0,0.0,0.0,0.0,0.0
0.0,0.20000000298023224,0.0,0.0,0.0,0.0,0.0,0.0,0.0,0.0
0.20000000298023224,0.20000000298023224,0.0,0.0,0.0,0.0,0.0,0.0,0.0,0.0
0.3783999979496002,0.3310000002384186,0.453000009059906,0.5314000248908997,0.34779998660087585,0.4198000133037567,0.49639999866485596,0.42260000109672546,0.2727999985218048,0.25760000944137573
0.0,0.0,0.0,0.0,0.0,0.0,0.0,0.0,0.0,0.0
0.20000000298023224,0.3643999993801117,0.20000000298023224,0.0,0.0,0.0,0.0,0.0,0.0,0.0
0.20000000298023224,0.0,0.0,0.0,0.0,0.0,0.0,0.0,0.0,0.0
0.20000000298023224,0.20000000298023224,0.0,0.0,0.0,0.0,0.0,0.0,0.0,0.0
0.0,0.0,0.0,0.0,0.0,0.0,0.0,0.0,0.0,0.0
0.0,0.20000000298023224,0.0,0.0,0.0,0.0,0.0,0.0,0.0,0.0
0.20000000298023224,0.20000000298023224,0.0,0.0,0.0,0.0,0.0,0.0,0.0,0.0
0.20000000298023224,0.0,0.0,0.0,0.0,0.0,0.0,0.0,0.0,0.0
0.0,0.0,0.0,0.0,0.0,0.0,0.0,0.0,0.0,0.0
0.20000000298023224,0.6263999938964844,0.0,0.20000000298023224,0.42320001125335693,0.20000000298023224,0.20000000298023224,0.4819999933242798,0.20000000298023224,0.41100001335144043
0.20000000298023224,0.20000000298023224,0.0,0.0,0.0,0.0,0.0,0.0,0.0,0.0
0.20000000298023224,0.20000000298023224,0.0,0.0,0.0,0.0,0.0,0.0,0.0,0.0
0.0,0.20000000298023224,0.0,0.0,0.0,0.0,0.0,0.0,0.0,0.0
0.20000000298023224,0.20000000298023224,0.0,0.0,0.0,0.0,0.0,0.0,0.0,0.0
0.0,0.20000000298023224,0.0,0.0,0.0,0.0,0.0,0.0,0.0,0.0
0.20000000298023224,0.0,0.0,0.0,0.0,0.0,0.0,0.0,0.0,0.0
0.20000000298023224,0.20000000298023224,0.0,0.0,0.0,0.0,0.0,0.0,0.0,0.0
0.20000000298023224,0.20000000298023224,0.0,0.0,0.0,0.0,0.0,0.0,0.0,0.0
0.0,0.20000000298023224,0.0,0.0,0.0,0.0,0.0,0.0,0.0,0.0
0.0,0.20000000298023224,0.0,0.0,0.0,0.0,0.0,0.0,0.0,0.0
0.0,0.20000000298023224,0.0,0.0,0.0,0.0,0.0,0.0,0.0,0.0
0.0,0.0,0.0,0.0,0.0,0.0,0.0,0.0,0.0,0.0
0.20000000298023224,0.20000000298023224,0.0,0.0,0.0,0.0,0.0,0.0,0.0,0.0
0.20000000298023224,0.3393999934196472,0.20000000298023224,0.0,0.0,0.0,0.0,0.0,0.0,0.0
0.42660000920295715,0.20000000298023224,0.5216000080108643,0.5884000062942505,0.6003999710083008,0.44600000977516174,0.39820000529289246,0.0,0.5509999990463257,0.7142000198364258
0.0,0.0,0.0,0.0,0.0,0.0,0.0,0.0,0.0,0.0
0.20000000298023224,0.0,0.0,0.0,0.0,0.0,0.0,0.0,0.0,0.0
0.4174000024795532,0.4690000116825104,0.23999999463558197,0.45019999146461487,0.38580000400543213,0.39980000257492065,0.46320000290870667,0.3001999855041504,0.5284000039100647,0.25060001015663147
0.0,0.20000000298023224,0.0,0.0,0.0,0.0,0.0,0.0,0.0,0.0
0.20000000298023224,0.20000000298023224,0.0,0.0,0.0,0.0,0.0,0.0,0.0,0.0
0.20000000298023224,0.0,0.0,0.0,0.0,0.0,0.0,0.0,0.0,0.0
0.20000000298023224,0.20000000298023224,0.0,0.0,0.0,0.0,0.0,0.0,0.0,0.0
0.20000000298023224,0.20000000298023224,0.0,0.0,0.0,0.0,0.0,0.0,0.0,0.0
0.20000000298023224,0.20000000298023224,0.0,0.0,0.0,0.0,0.0,0.0,0.0,0.0
0.20000000298023224,0.20000000298023224,0.0,0.0,0.0,0.0,0.0,0.0,0.0,0.0
0.19859999418258667,0.7386000156402588,0.571399986743927,0.7879999876022339,0.598800003528595,0.6732000112533569,0.4832000136375427,0.20000000298023224,0.43860000371932983,0.20000000298023224
0.4837999939918518,0.5586000084877014,0.2782000005245209,0.5983999967575073,0.5522000193595886,0.49619999527931213,0.16220000386238098,0.51419997215271,0.5437999963760376,0.3522000014781952
0.3206000030040741,0.36880001425743103,0.5174000263214111,0.42340001463890076,0.07580000162124634,0.20080000162124634,0.20000000298023224,0.2635999917984009,0.39959999918937683,0.20000000298023224
0.399399995803833,0.6100000143051147,0.49540001153945923,0.40400001406669617,0.550599992275238,0.40700000524520874,0.5333999991416931,0.4381999969482422,0.42160001397132874,0.42399999499320984
0.3797999918460846,0.4474000036716461,0.501800000667572,0.5023999810218811,0.3497999906539917,0.5076000094413757,0.5781999826431274,0.3617999851703644,0.5716000199317932,0.26739999651908875
0.2508000135421753,0.6284000277519226,0.5037999749183655,0.23800000548362732,0.5139999985694885,0.4115999937057495,0.20000000298023224,0.5386000275611877,0.3481999933719635,0.3716000020503998
0.20000000298023224,0.4138000011444092,0.4851999878883362,0.0,0.2476000040769577,0.3808000087738037,0.0,0.5460000038146973,0.2773999869823456,0.0
0.826200008392334,0.5914000272750854,0.4765999913215637,0.6439999938011169,0.3546000123023987,0.49720001220703125,0.5608000159263611,0.28700000047683716,0.5730000138282776,0.37220001220703125
0.48739999532699585,0.553600013256073,0.4772000014781952,0.31619998812675476,0.5184000134468079,0.4765999913215637,0.4449999928474426,0.3215999901294708,0.550000011920929,0.5551999807357788
0.40959998965263367,0.48179998993873596,0.6304000020027161,0.5123999714851379,0.4058000147342682,0.4941999912261963,0.6517999768257141,0.44940000772476196,0.2662000060081482,0.487199991941452
0.45339998602867126,0.42640000581741333,0.20000000298023224,0.40119999647140503,0.38519999384880066,0.274399995803833,0.0,0.20000000298023224,0.3546000123023987,0.5383999943733215
0.36559998989105225,0.5364000201225281,0.6033999919891357,0.4458000063896179,0.5979999899864197,0.7160000205039978,0.0,0.6111999750137329,0.438400000333786,0.6295999884605408
0.20000000298023224,0.20000000298023224,0.0,0.0,0.0,0.0,0.0,0.0,0.0,0.0
0.4230000078678131,0.3962000012397766,0.4291999936103821,0.5753999948501587,0.39739999175071716,0.5735999941825867,0.4765999913215637,0.4490000009536743,0.546999990940094,0.645799994468689
0.6466000080108643,0.454800009727478,0.5058000087738037,0.5821999907493591,0.5415999889373779,0.5874000191688538,0.5016000270843506,0.5550000071525574,0.4641999900341034,0.39800000190734863
0.19539999961853027,0.6093999743461609,0.4828000068664551,0.0,0.5997999906539917,0.20000000298023224,0.5396000146865845,0.47200000286102295,0.3619999885559082,0.0
0.3824000060558319,0.527400016784668,0.6003999710083008,0.3578000068664551,0.43320000171661377,0.3407999873161316,0.5845999717712402,0.49939998984336853,0.42100000381469727,0.4336000084877014
0.20000000298023224,0.36880001425743103,0.592199981212616,0.3905999958515167,0.20000000298023224,0.5181999802589417,0.4129999876022339,0.2791999876499176,0.45399999618530273,0.6284000277519226
0.4480000138282776,0.5411999821662903,0.6499999761581421,0.43140000104904175,0.31520000100135803,0.48100000619888306,0.5070000290870667,0.5375999808311462,0.5813999772071838,0.5088000297546387
0.20000000298023224,0.20000000298023224,0.0,0.0,0.0,0.0,0.0,0.0,0.0,0.0
0.19580000638961792,0.41780000925064087,0.7070000171661377,0.510200023651123,0.20000000298023224,0.2526000142097473,0.567799985408783,0.20000000298023224,0.20000000298023224,0.37299999594688416
0.3384000062942505,0.39419999718666077,0.45980000495910645,0.54339998960495,0.5812000036239624,0.37700000405311584,0.567799985408783,0.39899998903274536,0.41920000314712524,0.600600004196167
0.319599986076355,0.5960000157356262,0.42179998755455017,0.39500001072883606,0.0,0.4397999942302704,0.5616000294685364,0.39879998564720154,0.46880000829696655,0.3418000042438507
0.20000000298023224,0.0,0.0,0.0,0.0,0.0,0.0,0.0,0.0,0.0
0.609000027179718,0.4875999987125397,0.527400016784668,0.36980000138282776,0.5429999828338623,0.5424000024795532,0.21979999542236328,0.37059998512268066,0.31520000100135803,0.49059998989105225
0.0,0.20000000298023224,0.0,0.0,0.0,0.0,0.0,0.0,0.0,0.0
0.20000000298023224,0.20000000298023224,0.0,0.0,0.0,0.0,0.0,0.0,0.0,0.0
0.39480000734329224,0.4187999963760376,0.33500000834465027,0.3880000114440918,0.5712000131607056,0.5216000080108643,0.3668000102043152,0.5835999846458435,0.49619999527931213,0.4505999982357025
0.5532000064849854,0.5586000084877014,0.33320000767707825,0.446399986743927,0.5878000259399414,0.414000004529953,0.2653999924659729,0.6643999814987183,0.5429999828338623,0.40119999647140503
0.5582000017166138,0.28839999437332153,0.4291999936103821,0.5220000147819519,0.20000000298023224,0.4108000099658966,0.27799999713897705,0.3806000053882599,0.20000000298023224,0.0
0.5580000281333923,0.6118000149726868,0.3763999938964844,0.20000000298023224,0.4702000021934509,0.6060000061988831,0.27959999442100525,0.4984000027179718,0.5303999781608582,0.3944000005722046
0.5400000214576721,0.4023999869823456,0.3425999879837036,0.41179999709129333,0.14180000126361847,0.26420000195503235,0.3240000009536743,0.5121999979019165,0.5690000057220459,0.5464000105857849
0.20000000298023224,0.2906000018119812,0.27799999713897705,0.20000000298023224,0.20000000298023224,0.20000000298023224,0.24379999935626984,0.20000000298023224,0.20000000298023224,0.3905999958515167
0.5590000152587891,0.633400022983551,0.39959999918937683,0.5910000205039978,0.35260000824928284,0.5622000098228455,0.47119998931884766,0.6326000094413757,0.49059998989105225,0.5221999883651733
0.22939999401569366,0.5709999799728394,0.41499999165534973,0.5288000106811523,0.607200026512146,0.3416000008583069,0.4742000102996826,0.34119999408721924,0.4214000105857849,0.36320000886917114
0.460999995470047,0.6057999730110168,0.7089999914169312,0.5568000078201294,0.3440000116825104,0.4083999991416931,0.41260001063346863,0.5335999727249146,0.39480000734329224,0.42579999566078186
0.20000000298023224,0.0,0.0,0.0,0.0,0.0,0.0,0.0,0.0,0.0
0.6833999752998352,0.5123999714851379,0.20000000298023224,0.4519999921321869,0.37139999866485596,0.5979999899864197,0.3001999855041504,0.5285999774932861,0.6051999926567078,0.4668000042438507
0.3019999861717224,0.4429999887943268,0.6101999878883362,0.5210000276565552,0.38999998569488525,0.5914000272750854,0.36419999599456787,0.5440000295639038,0.23000000417232513,0.4830000102519989
0.5699999928474426,0.6335999965667725,0.7247999906539917,0.5361999869346619,0.4000000059604645,0.47940000891685486,0.5184000134468079,0.4138000011444092,0.6001999974250793,0.6312000155448914
0.703000009059906,0.4997999966144562,0.5203999876976013,0.4397999942302704,0.4325999915599823,0.5407999753952026,0.5246000289916992,0.31679999828338623,0.5442000031471252,0.635200023651123
0.5580000281333923,0.46700000762939453,0.7440000176429749,0.6905999779701233,0.41780000925064087,0.3353999853134155,0.38960000872612,0.6155999898910522,0.6338000297546387,0.3540000021457672
0.2831999957561493,0.7657999992370605,0.47099998593330383,0.3296000063419342,0.4690000116825104,0.47780001163482666,0.6028000116348267,0.3765999972820282,0.5605999827384949,0.36800000071525574
0.6848000288009644,0.37700000405311584,0.524399995803833,0.46560001373291016,0.2526000142097473,0.5526000261306763,0.44600000977516174,0.5726000070571899,0.3440000116825104,0.3635999858379364
0.5748000144958496,0.5034000277519226,0.6244000196456909,0.5067999958992004,0.5220000147819519,0.3578000068664551,0.7354000210762024,0.43939998745918274,0.2612000107765198,0.4957999885082245
0.5806000232696533,0.329800009727478,0.41119998693466187,0.4041999876499176,0.32440000772476196,0.5738000273704529,0.7390000224113464,0.49619999527931213,0.3357999920845032,0.6204000115394592
0.4426000118255615,0.6904000043869019,0.5752000212669373,0.5216000080108643,0.6769999861717224,0.5382000207901001,0.35120001435279846,0.6583999991416931,0.6435999870300293,0.32839998602867126
0.5893999934196472,0.42800000309944153,0.5784000158309937,0.5580000281333923,0.5401999950408936,0.4991999864578247,0.4706000089645386,0.5203999876976013,0.4131999909877777,0.6380000114440918
0.4708000123500824,0.5401999950408936,0.6168000102043152,0.7656000256538391,0.5830000042915344,0.510200023651123,0.6615999937057495,0.41280001401901245,0.520799994468689,0.4968000054359436
0.6176000237464905,0.5317999720573425,0.43959999084472656,0.5275999903678894,0.48399999737739563,0.4659999907016754,0.5562000274658203,0.6212000250816345,0.5509999990463257,0.753000020980835
0.6503999829292297,0.3912000060081482,0.61080002784729,0.7167999744415283,0.296999990940094,0.3625999987125397,0.4731999933719635,0.6416000127792358,0.2409999966621399,0.5271999835968018
0.5365999937057495,0.5333999991416931,0.43880000710487366,0.4180000126361847,0.517799973487854,0.4819999933242798,0.4918000102043152,0.522599995136261,0.5914000272750854,0.5361999869346619
0.0,0.20000000298023224,0.0,0.0,0.0,0.0,0.0,0.0,0.0,0.0
0.6320000290870667,0.5789999961853027,0.4966000020503998,0.4375999867916107,0.6150000095367432,0.6597999930381775,0.33480000495910645,0.0,0.5565999746322632,0.553600013256073
0.41819998621940613,0.47699999809265137,0.49300000071525574,0.4350000023841858,0.3441999852657318,0.5174000263214111,0.4453999996185303,0.5605999827384949,0.5415999889373779,0.5440000295639038
0.6033999919891357,0.6123999953269958,0.6656000018119812,0.39899998903274536,0.4903999865055084,0.503000020980835,0.5684000253677368,0.6093999743461609,0.6169999837875366,0.43720000982284546
0.5162000060081482,0.37860000133514404,0.4864000082015991,0.4189999997615814,0.5067999958992004,0.4966000020503998,0.7009999752044678,0.33739998936653137,0.4546000063419342,0.43299999833106995
0.4453999996185303,0.5072000026702881,0.5242000222206116,0.3862000107765198,0.49160000681877136,0.5486000180244446,0.47040000557899475,0.38100001215934753,0.39800000190734863,0.17440000176429749
0.5442000031471252,0.7063999772071838,0.5885999798774719,0.5296000242233276,0.3325999975204468,0.5004000067710876,0.48660001158714294,0.6200000047683716,0.5419999957084656,0.6629999876022339
0.5526000261306763,0.5537999868392944,0.2540000081062317,0.5314000248908997,0.42160001397132874,0.5722000002861023,0.4593999981880188,0.6018000245094299,0.43779999017715454,0.4943999946117401
0.5636000037193298,0.6610000133514404,0.24480000138282776,0.504800021648407,0.6439999938011169,0.5910000205039978,0.23659999668598175,0.44760000705718994,0.5357999801635742,0.620199978351593
0.3418000042438507,0.6434000134468079,0.517799973487854,0.5293999910354614,0.4528000056743622,0.4674000144004822,0.34060001373291016,0.5148000121116638,0.5156000256538391,0.5681999921798706
0.6449999809265137,0.4878000020980835,0.5351999998092651,0.5468000173568726,0.4323999881744385,0.2996000051498413,0.42500001192092896,0.46459999680519104,0.4203999936580658,0.412200003862381
0.4578000009059906,0.6086000204086304,0.41760000586509705,0.241799995303154,0.6344000101089478,0.37720000743865967,0.3720000088214874,0.31859999895095825,0.5965999960899353,0.4991999864578247
0.52920001745224,0.5023999810218811,0.46380001306533813,0.4138000011444092,0.5199999809265137,0.4586000144481659,0.43959999084472656,0.6269999742507935,0.5763999819755554,0.5892000198364258
0.20000000298023224,0.5108000040054321,0.5920000076293945,0.5888000130653381,0.3253999948501587,0.3025999963283539,0.2630000114440918,0.36640000343322754,0.4442000091075897,0.0
0.7027999758720398,0.5813999772071838,0.5306000113487244,0.28760001063346863,0.37139999866485596,0.7972000241279602,0.4699999988079071,0.38600000739097595,0.4790000021457672,0.49219998717308044
0.4023999869823456,0.6809999942779541,0.4812000095844269,0.5031999945640564,0.5098000168800354,0.5633999705314636,0.6553999781608582,0.5026000142097473,0.5275999903678894,0.8543999791145325
0.36579999327659607,0.6304000020027161,0.546999990940094,0.4074000120162964,0.6561999917030334,0.20000000298023224,0.44760000705718994,0.5401999950408936,0.4666000008583069,0.6557999849319458
0.6205999851226807,0.5658000111579895,0.5335999727249146,0.5644000172615051,0.5238000154495239,0.5667999982833862,0.5924000144004822,0.28360000252723694,0.3944000005722046,0.20000000298023224
0.6200000047683716,0.8623999953269958,0.5551999807357788,0.20000000298023224,0.5867999792098999,0.5491999983787537,0.5878000259399414,0.4934000074863434,0.44040000438690186,0.20000000298023224
0.3057999908924103,0.4747999906539917,0.49160000681877136,0.5249999761581421,0.5135999917984009,0.41600000858306885,0.3271999955177307,0.54339998960495,0.5676000118255615,0.7088000178337097
0.28760001063346863,0.7555999755859375,0.6922000050544739,0.6438000202178955,0.6079999804496765,0.6466000080108643,0.623199999332428,0.6322000026702881,0.49219998717308044,0.4235999882221222
0.5763999819755554,0.6141999959945679,0.600600004196167,0.8203999996185303,0.5293999910354614,0.477400004863739,0.4307999908924103,0.6460000276565552,0.37619999051094055,0.5302000045776367
0.5604000091552734,0.20000000298023224,0.20000000298023224,0.20000000298023224,0.20000000298023224,0.20000000298023224,0.20000000298023224,0.20000000298023224,0.20000000298023224,0.20000000298023224
0.6672000288963318,0.49380001425743103,0.6323999762535095,0.3619999885559082,0.45100000500679016,0.38280001282691956,0.5329999923706055,0.6305999755859375,0.5333999991416931,0.5189999938011169
0.20000000298023224,0.20000000298023224,0.0,0.0,0.0,0.0,0.0,0.0,0.0,0.0
0.4375999867916107,0.5070000290870667,0.4812000095844269,0.6010000109672546,0.5297999978065491,0.5809999704360962,0.550000011920929,0.5374000072479248,0.6092000007629395,0.6434000134468079
0.20000000298023224,0.42340001463890076,0.6025999784469604,0.5723999738693237,0.20000000298023224,0.462799996137619,0.43720000982284546,0.5325999855995178,0.6065999865531921,0.3653999865055084
0.20000000298023224,0.20000000298023224,0.0,0.0,0.0,0.0,0.0,0.0,0.0,0.0
0.32839998602867126,0.5436000227928162,0.20000000298023224,0.20000000298023224,0.6169999837875366,0.61080002784729,0.0,0.3856000006198883,0.4275999963283539,0.7110000252723694
0.4724000096321106,0.29980000853538513,0.5216000080108643,0.5067999958992004,0.3046000003814697,0.3287999927997589,0.46399998664855957,0.49959999322891235,0.3084000051021576,0.4634000062942505
0.4846000075340271,0.3393999934196472,0.555400013923645,0.5343999862670898,0.6277999877929688,0.75,0.33379998803138733,0.4984000027179718,0.5605999827384949,0.5893999934196472
0.6549999713897705,0.5401999950408936,0.7832000255584717,0.7098000049591064,0.4717999994754791,0.7179999947547913,0.7203999757766724,0.44600000977516174,0.7336000204086304,0.43540000915527344
0.5785999894142151,0.682200014591217,0.38179999589920044,0.5654000043869019,0.5889999866485596,0.600600004196167,0.6809999942779541,0.8023999929428101,0.5260000228881836,0.4674000144004822
0.753000020980835,0.4327999949455261,0.8453999757766724,0.47360000014305115,0.6155999898910522,0.4422000050544739,0.6966000199317932,0.5267999768257141,0.6848000288009644,0.6535999774932861
0.40860000252723694,0.5371999740600586,0.45559999346733093,0.47360000014305115,0.5472000241279602,0.38580000400543213,0.44760000705718994,0.2946000099182129,0.4927999973297119,0.590399980545044
0.5965999960899353,0.3677999973297119,0.0,0.0,0.20000000298023224,0.20000000298023224,0.4068000018596649,0.20000000298023224,0.5504000186920166,0.5490000247955322
0.5676000118255615,0.567799985408783,0.6859999895095825,0.5238000154495239,0.6814000010490417,0.48100000619888306,0.4410000145435333,0.5257999897003174,0.5497999787330627,0.3720000088214874
0.6262000203132629,0.6037999987602234,0.6557999849319458,0.4893999993801117,0.6772000193595886,0.5827999711036682,0.7730000019073486,0.4009999930858612,0.3709999918937683,0.6556000113487244
0.4169999957084656,0.412200003862381,0.41940000653266907,0.43939998745918274,0.3452000021934509,0.5641999840736389,0.45840001106262207,0.4528000056743622,0.5475999712944031,0.5228000283241272
0.5238000154495239,0.5673999786376953,0.4578000009059906,0.7278000116348267,0.5325999855995178,0.6111999750137329,0.5052000284194946,0.31060001254081726,0.6190000176429749,0.42239999771118164
0.6650000214576721,0.6672000288963318,0.5080000162124634,0.8159999847412109,0.6628000140190125,0.597000002861023,0.4970000088214874,0.7663999795913696,0.704200029373169,0.4684000015258789
0.5424000024795532,0.6161999702453613,0.7035999894142151,0.5541999936103821,0.70660001039505,0.6000000238418579,0.5221999883651733,0.4032000005245209,0.373199999332428,0.6669999957084656
0.6259999871253967,0.7211999893188477,0.5342000126838684,0.6323999762535095,0.5723999738693237,0.7742000222206116,0.5740000009536743,0.6859999895095825,0.4578000009059906,0.6000000238418579
0.49300000071525574,0.4560000002384186,0.6395999789237976,0.600600004196167,0.6069999933242798,0.58160001039505,0.7396000027656555,0.6057999730110168,0.550599992275238,0.4146000146865845
0.6172000169754028,0.7563999891281128,0.647599995136261,0.6051999926567078,0.7077999711036682,0.7973999977111816,0.44839999079704285,0.6629999876022339,0.46239998936653137,0.7110000252723694
0.6064000129699707,0.47999998927116394,0.46720001101493835,0.454800009727478,0.40959998965263367,0.5281999707221985,0.5633999705314636,0.5943999886512756,0.5019999742507935,0.45739999413490295
0.6363999843597412,0.7329999804496765,0.5968000292778015,0.7351999878883362,0.6819999814033508,0.6642000079154968,0.5339999794960022,0.5842000246047974,0.7609999775886536,0.6517999768257141
0.6060000061988831,0.7251999974250793,0.5037999749183655,0.49399998784065247,0.43959999084472656,0.5546000003814697,0.4458000063896179,0.4702000021934509,0.6258000135421753,0.5867999792098999
0.4007999897003174,0.6182000041007996,0.3131999969482422,0.4350000023841858,0.4490000009536743,0.5203999876976013,0.5691999793052673,0.6128000020980835,0.3763999938964844,0.4862000048160553
0.7092000246047974,0.6549999713897705,0.7343999743461609,0.7936000227928162,0.8181999921798706,0.5185999870300293,0.7271999716758728,0.6692000031471252,0.48919999599456787,0.6751999855041504
0.5152000188827515,0.6043999791145325,0.6287999749183655,0.6736000180244446,0.5388000011444092,0.42100000381469727,0.546999990940094,0.5600000023841858,0.7617999911308289,0.6126000285148621
0.7717999815940857,0.6693999767303467,0.675599992275238,0.6761999726295471,0.5702000260353088,0.625,0.6525999903678894,0.6953999996185303,0.777999997138977,0.7577999830245972
0.5203999876976013,0.7293999791145325,0.4350000023841858,0.4896000027656555,0.20000000298023224,0.6110000014305115,0.6574000120162964,0.6255999803543091,0.453000009059906,0.4320000112056732
0.39259999990463257,0.7731999754905701,0.524399995803833,0.6553999781608582,0.7868000268936157,0.6736000180244446,0.6003999710083008,0.6823999881744385,0.5407999753952026,0.7635999917984009
0.7540000081062317,0.4230000078678131,0.35519999265670776,0.5740000009536743,0.6845999956130981,0.37139999866485596,0.4490000009536743,0.7117999792098999,0.77920001745224,0.6606000065803528
0.4918000102043152,0.39480000734329224,0.3797999918460846,0.3497999906539917,0.6173999905586243,0.3400000035762787,0.4553999900817871,0.548799991607666,0.5325999855995178,0.746399998664856
0.734000027179718,0.6764000058174133,0.5964000225067139,0.8127999901771545,0.48980000615119934,0.5565999746322632,0.5497999787330627,0.44119998812675476,0.6773999929428101,0.623199999332428
0.4034000039100647,0.6341999769210815,0.801800012588501,0.7178000211715698,0.7002000212669373,0.40139999985694885,0.42500001192092896,0.7423999905586243,0.7364000082015991,0.49320000410079956
0.7411999702453613,0.46799999475479126,0.44440001249313354,0.46619999408721924,0.5325999855995178,0.7264000177383423,0.367000013589859,0.5198000073432922,0.646399974822998,0.4560000002384186
0.19979999959468842,0.3693999946117401,0.3912000060081482,0.6503999829292297,0.41659998893737793,0.20000000298023224,0.35440000891685486,0.3874000012874603,0.6561999917030334,0.3612000048160553
0.6029999852180481,0.5619999766349792,0.7897999882698059,0.5813999772071838,0.7139999866485596,0.4805999994277954,0.7293999791145325,0.5651999711990356,0.650600016117096,0.7950000166893005
0.550599992275238,0.4352000057697296,0.5838000178337097,0.32820001244544983,0.3962000012397766,0.4023999869823456,0.7049999833106995,0.5450000166893005,0.4016000032424927,0.31700000166893005
0.46560001373291016,0.48660001158714294,0.40560001134872437,0.4092000126838684,0.4025999903678894,0.3093999922275543,0.4602000117301941,0.38440001010894775,0.4832000136375427,0.4611999988555908
0.5443999767303467,0.6087999939918518,0.670199990272522,0.6812000274658203,0.7347999811172485,0.4392000138759613,0.7192000150680542,0.44519999623298645,0.7310000061988831,0.602400004863739
0.5343999862670898,0.6371999979019165,0.5055999755859375,0.4569999873638153,0.7369999885559082,0.6837999820709229,0.6553999781608582,0.7605999708175659,0.5716000199317932,0.5248000025749207
0.3230000138282776,0.5821999907493591,0.546999990940094,0.5062000155448914,0.5343999862670898,0.5849999785423279,0.6105999946594238,0.6740000247955322,0.6538000106811523,0.6377999782562256
0.7224000096321106,0.6373999714851379,0.7279999852180481,0.5371999740600586,0.45559999346733093,0.5443999767303467,0.38679999113082886,0.6944000124931335,0.6191999912261963,0.4397999942302704
0.4465999901294708,0.6651999950408936,0.5400000214576721,0.29919999837875366,0.7730000019073486,0.39899998903274536,0.6525999903678894,0.628600001335144,0.7143999934196472,0.2888000011444092
0.3887999951839447,0.41100001335144043,0.4779999852180481,0.13179999589920044,0.4142000079154968,0.20200000703334808,0.501800000667572,0.46140000224113464,0.3278000056743622,0.44679999351501465
0.43779999017715454,0.4244000017642975,0.5555999875068665,0.3409999907016754,0.6021999716758728,0.4327999949455261,0.375,0.38519999384880066,0.5511999726295471,0.633400022983551
0.6894000172615051,0.5026000142097473,0.6385999917984009,0.49480000138282776,0.46880000829696655,0.6782000064849854,0.6930000185966492,0.727400004863739,0.647599995136261,0.4681999981403351
0.5157999992370605,0.40139999985694885,0.31220000982284546,0.21140000224113464,0.534600019454956,0.5037999749183655,0.5766000151634216,0.3822000026702881,0.5239999890327454,0.414000004529953
0.6402000188827515,0.7907999753952026,0.5555999875068665,0.843999981880188,0.7652000188827515,0.48739999532699585,0.7152000069618225,0.6782000064849854,0.39559999108314514,0.8190000057220459
0.5971999764442444,0.5054000020027161,0.5985999703407288,0.5059999823570251,0.7681999802589417,0.722599983215332,0.550000011920929,0.4426000118255615,0.2549999952316284,0.4697999954223633
0.43860000371932983,0.45080000162124634,0.45660001039505005,0.4546000063419342,0.41040000319480896,0.31200000643730164,0.42640000581741333,0.37119999527931213,0.31380000710487366,0.47119998931884766
0.5932000279426575,0.6187999844551086,0.5365999937057495,0.44999998807907104,0.504800021648407,0.3856000006198883,0.5983999967575073,0.36719998717308044,0.5249999761581421,0.5964000225067139
0.6236000061035156,0.0,0.3856000006198883,0.2540000081062317,0.51419997215271,0.0,0.0,0.0,0.3869999945163727,0.5857999920845032
0.6886000037193298,0.715399980545044,0.6104000210762024,0.7537999749183655,0.29840001463890076,0.7360000014305115,0.5356000065803528,0.5978000164031982,0.5717999935150146,0.609000027179718
0.45179998874664307,0.5730000138282776,0.35740000009536743,0.4277999997138977,0.6470000147819519,0.5784000158309937,0.6704000234603882,0.5130000114440918,0.4814000129699707,0.6078000068664551
0.5622000098228455,0.5781999826431274,0.4729999899864197,0.6759999990463257,0.6601999998092651,0.6251999735832214,0.3901999890804291,0.3653999865055084,0.6230000257492065,0.631600022315979
0.45399999618530273,0.642799973487854,0.5238000154495239,0.46639999747276306,0.27559998631477356,0.5794000029563904,0.5185999870300293,0.6057999730110168,0.7936000227928162,0.6826000213623047
0.5734000205993652,0.6970000267028809,0.37720000743865967,0.8335999846458435,0.5,0.7300000190734863,0.7071999907493591,0.7563999891281128,0.6331999897956848,0.6538000106811523
0.6330000162124634,0.6001999974250793,0.5824000239372253,0.3172000050544739,0.6021999716758728,0.35280001163482666,0.2680000066757202,0.35920000076293945,0.4837999939918518,0.5935999751091003
0.6643999814987183,0.6078000068664551,0.42399999499320984,0.3684000074863434,0.3720000088214874,0.3853999972343445,0.5001999735832214,0.5745999813079834,0.38580000400543213,0.7224000096321106
0.6651999950408936,0.5551999807357788,0.5996000170707703,0.42399999499320984,0.728600025177002,0.6636000275611877,0.3513999879360199,0.5971999764442444,0.5619999766349792,0.5455999970436096
0.3887999951839447,0.5763999819755554,0.7531999945640564,0.251800000667572,0.328000009059906,0.6309999823570251,0.3790000081062317,0.5546000003814697,0.59579998254776,0.4392000138759613
0.503000020980835,0.5005999803543091,0.46380001306533813,0.40400001406669617,0.3386000096797943,0.5220000147819519,0.28999999165534973,0.5673999786376953,0.34380000829696655,0.4846000075340271
0.7394000291824341,0.628600001335144,0.5329999923706055,0.6304000020027161,0.5264000296592712,0.5871999859809875,0.7523999810218811,0.8185999989509583,0.6585999727249146,0.28279998898506165
0.6618000268936157,0.5013999938964844,0.5608000159263611,0.5235999822616577,0.70660001039505,0.7265999913215637,0.48739999532699585,0.7853999733924866,0.5645999908447266,0.6222000122070312
0.6129999756813049,0.49160000681877136,0.629800021648407,0.6032000184059143,0.7653999924659729,0.6269999742507935,0.5644000172615051,0.6370000243186951,0.8398000001907349,0.5364000201225281
